iter	MSLE	RMSE
0	1.168468543	67.35548434
1	1.028556481	62.34860358
2	0.9131612894	57.8201891
3	0.8137278036	53.73797174
4	0.7267239167	50.07518599
5	0.6503842326	46.73387733
6	0.5826785116	43.69511598
7	0.5220315954	40.97468117
8	0.4689450958	38.68529258
9	0.4216959696	36.41960901
10	0.3798739828	34.42757102
11	0.3435177433	32.69365897
12	0.3095339155	31.022771
13	0.2808601982	29.60778505
14	0.2533062237	28.27369927
15	0.2292647701	27.05522795
16	0.2085511332	25.96345832
17	0.1898953996	24.97899506
18	0.1744967135	24.1003409
19	0.1605448824	23.32556124
20	0.1482022485	22.58638386
21	0.1372028249	21.93953573
22	0.1276511656	21.31900342
23	0.1190879364	20.76590961
24	0.1121405448	20.24503865
25	0.1066669865	19.85818458
26	0.1005205564	19.39674456
27	0.09604010269	18.98839102
28	0.09231556651	18.64083324
29	0.08865600565	18.26518753
30	0.0859160167	17.9050861
31	0.08298928765	17.55838447
32	0.07998279046	17.23547559
33	0.07759215499	16.94365603
34	0.07551188588	16.64748675
35	0.0740432679	16.37595192
36	0.07206148828	16.15219072
37	0.07053939832	15.88199869
38	0.06936328003	15.61706174
39	0.06836065767	15.36145959
40	0.06735299256	15.123404
41	0.06629770899	14.89104727
42	0.0655850932	14.66464973
43	0.06513950197	14.45084685
44	0.06434851248	14.2385719
45	0.06413284657	14.03285315
46	0.06369901302	13.84443687
47	0.06345205777	13.65779981
48	0.06310725926	13.52900446
49	0.06294548307	13.37819086
50	0.06262219866	13.19924433
51	0.06224381466	13.04015288
52	0.0620532877	12.87147848
53	0.06156423372	12.70417565
54	0.06124279353	12.54953537
55	0.06114086892	12.391282
56	0.0608960088	12.24147841
57	0.06079047621	12.10742834
58	0.06048755078	11.96482466
59	0.06040021217	11.84437298
60	0.0602921375	11.71256396
61	0.06025530606	11.6004708
62	0.06014730812	11.52532733
63	0.06006590312	11.39877752
64	0.0599337498	11.27960902
65	0.05980360087	11.16603702
66	0.05976692168	11.05930337
67	0.05973988645	10.94640841
68	0.05971448357	10.83559094
69	0.05947651175	10.72833361
70	0.05945812735	10.629093
71	0.05933826856	10.53152224
72	0.05918270679	10.4328877
73	0.05909788851	10.36790537
74	0.0590558285	10.28131505
75	0.05901146703	10.19291334
76	0.05899429372	10.10751957
77	0.05897372083	10.03545115
78	0.05894789322	9.954651552
79	0.05891221318	9.872740731
80	0.05884984953	9.795800272
81	0.05868073941	9.723467019
82	0.05867116418	9.655085021
83	0.05863494317	9.603540738
84	0.05860543882	9.536179984
85	0.05855296557	9.466678645
86	0.05851279032	9.403107614
87	0.05850067175	9.354380932
88	0.05847248961	9.292078873
89	0.05844446478	9.243779855
90	0.05841780418	9.183224161
91	0.05840883837	9.129431681
92	0.05838336956	9.101804401
93	0.05834747729	9.049384652
94	0.05834383091	8.994655732
95	0.05833883638	8.941981139
96	0.05834015219	8.891484592
97	0.05832222807	8.845208694
98	0.05829445518	8.797775137
99	0.05828080909	8.752219714
100	0.05824878666	8.706894455
101	0.05822594503	8.664268374
102	0.058166995	8.626822057
103	0.0580832867	8.597705526
104	0.05807516697	8.556109672
105	0.05804854393	8.516143235
106	0.05804992938	8.4785165
107	0.05804702476	8.443075419
108	0.05804683562	8.41021901
109	0.05801856175	8.374967097
110	0.05800741367	8.349859168
111	0.05799658158	8.313822037
112	0.0579890026	8.282416364
113	0.0579836629	8.25295864
114	0.05798263796	8.222461769
115	0.0579472095	8.188518844
116	0.05793137797	8.158518758
117	0.0579362197	8.131757336
118	0.05787768368	8.104584702
119	0.05786845337	8.079001757
120	0.05786719803	8.048435296
121	0.05785906602	8.024026635
122	0.0578542386	8.000317275
123	0.05784139557	7.976893897
124	0.05779155814	7.952106839
125	0.05779207007	7.929599946
126	0.05778927951	7.906576878
127	0.05778558189	7.886587755
128	0.05777332543	7.870240523
129	0.05774761803	7.848736353
130	0.05774376035	7.824098779
131	0.0577466369	7.804399972
132	0.0577422129	7.780256922
133	0.05770332992	7.762227852
134	0.05770201343	7.745219589
135	0.05769201797	7.728065148
136	0.05768783249	7.712073423
137	0.05769026291	7.695457051
138	0.05768853147	7.675438829
139	0.05768992113	7.653677964
140	0.0576694331	7.638482626
141	0.05766895237	7.625340421
142	0.05766974391	7.602789174
143	0.0576535032	7.591969566
144	0.05761744747	7.577622362
145	0.05761178641	7.563754854
146	0.05759940451	7.551183893
147	0.05759765951	7.535722519
148	0.05759293299	7.522905371
149	0.05758876816	7.510987477
150	0.05758764751	7.499137743
151	0.05758528617	7.488106884
152	0.05757844783	7.47615229
153	0.05754721343	7.465505747
154	0.05754051768	7.457205024
155	0.05753500393	7.437368759
156	0.05753188103	7.417545217
157	0.05752849602	7.407564347
158	0.05752054282	7.397940142
159	0.0575207681	7.387516273
160	0.05750966308	7.371316655
161	0.05751007467	7.361868627
162	0.05747638395	7.352824607
163	0.05745503251	7.345959121
164	0.05745480844	7.337087285
165	0.057455963	7.320652806
166	0.05745511822	7.312740946
167	0.05745540415	7.296078885
168	0.05745417431	7.279597164
169	0.05744085069	7.264689419
170	0.05744107335	7.251814174
171	0.05742445963	7.245541053
172	0.05742444939	7.237691117
173	0.05741555676	7.224434112
174	0.05741524685	7.210047659
175	0.0573967868	7.195633619
176	0.0573963095	7.181666045
177	0.05739415824	7.16682818
178	0.05739329591	7.159940042
179	0.05738045162	7.146515499
180	0.05737680641	7.133944785
181	0.05736835115	7.127607717
182	0.05733095089	7.121121472
183	0.0573041552	7.114825219
184	0.05730421539	7.108948301
185	0.05730269427	7.103343636
186	0.05730499356	7.089409495
187	0.05730411882	7.084024907
188	0.05730410571	7.078990644
189	0.05724271706	7.06536345
190	0.05724809704	7.06268579
191	0.05721976355	7.057682547
192	0.0571939425	7.045216881
193	0.05719244902	7.040169142
194	0.05718979069	7.029028139
195	0.05718840034	7.01632541
196	0.05718851855	7.011248814
197	0.05718873214	6.998453993
198	0.05714475037	6.993565122
199	0.05714428876	6.986100682
200	0.05713395317	6.976411286
201	0.05712930185	6.964151605
202	0.05711466643	6.959496388
203	0.05711238673	6.955148207
204	0.05710882218	6.943920153
205	0.05705398352	6.938701022
206	0.05706014891	6.936490226
207	0.05704510265	6.924988602
208	0.05702907647	6.914096821
209	0.0569939173	6.902775458
210	0.05697708783	6.890499911
211	0.05697760454	6.879155384
212	0.05696784058	6.869215177
213	0.05697038425	6.862827002
214	0.05696810198	6.852283853
215	0.05697044511	6.848269733
216	0.0569675749	6.843797267
217	0.05696830007	6.839961059
218	0.05696580587	6.829555539
219	0.05696523486	6.825564256
220	0.05693119642	6.821869771
221	0.05692702902	6.818125076
222	0.05693216441	6.805999292
223	0.05693204097	6.796097104
224	0.0569317847	6.784975629
225	0.05692416881	6.781559143
226	0.05691802464	6.7707546
227	0.05691552868	6.762306097
228	0.05691580997	6.758401314
229	0.05688919499	6.75485965
230	0.05687949564	6.751191295
231	0.05687843085	6.740693293
232	0.05686876268	6.729725751
233	0.0568624242	6.71950617
234	0.05682420687	6.715698286
235	0.05682210083	6.712070964
236	0.05682279268	6.709045134
237	0.05682106592	6.698351129
238	0.05682107313	6.688866516
239	0.05680988125	6.686005689
240	0.05678746707	6.675575557
241	0.05678379613	6.667201289
242	0.05678047447	6.657257738
243	0.05672662616	6.655361964
244	0.0567205125	6.645451542
245	0.05671863075	6.635976984
246	0.05670489059	6.632906605
247	0.05670380326	6.623876206
248	0.05670059407	6.615909013
249	0.05667959712	6.607782191
250	0.05664991852	6.604392913
251	0.05664676667	6.594542257
252	0.05662847824	6.584040036
253	0.05660737877	6.573599401
254	0.05659929152	6.564027299
255	0.05659481574	6.554583399
256	0.05658329186	6.545123438
257	0.05657439259	6.54314686
258	0.05657727706	6.540350707
259	0.05657614315	6.537813349
260	0.05656557036	6.535091984
261	0.05655474402	6.528367643
262	0.05655062975	6.520952757
263	0.05655597411	6.518158729
264	0.05655153662	6.508443877
265	0.05654598368	6.503433232
266	0.05654246629	6.493754114
267	0.05654556761	6.485069724
268	0.05654156198	6.48230808
269	0.05653299042	6.473483941
270	0.05653237816	6.46514509
271	0.05653058907	6.459336756
272	0.05652153303	6.451060129
273	0.05652124166	6.443398952
274	0.05651705729	6.440502757
275	0.0565190352	6.43182558
276	0.05651522587	6.423207894
277	0.05650913631	6.419493653
278	0.05650621932	6.416788513
279	0.05650544695	6.408642551
280	0.05649337918	6.406276755
281	0.05649322588	6.397617178
282	0.05648130695	6.389891112
283	0.05648125685	6.387412644
284	0.05647671832	6.385293304
285	0.05647661866	6.383132811
286	0.05647640388	6.377234182
287	0.05647494445	6.370640496
288	0.05647502813	6.362686071
289	0.0564762218	6.361602446
290	0.05647774551	6.35360483
291	0.05647067935	6.345962427
292	0.05647278014	6.343512791
293	0.05646462495	6.341278683
294	0.05645643885	6.333482542
295	0.0564558659	6.331223015
296	0.05645847367	6.323109879
297	0.0564651192	6.315532302
298	0.0564650614	6.30813731
299	0.05645666061	6.302852681
300	0.05644780342	6.296352752
301	0.05644847486	6.294320619
302	0.05644683347	6.28725165
303	0.05644427318	6.280409435
304	0.0564449947	6.273902417
305	0.05644377466	6.266756844
306	0.05644131565	6.26549484
307	0.05643931415	6.263425968
308	0.05644005987	6.255080552
309	0.05643921641	6.248301468
310	0.05643716612	6.246154143
311	0.05643609363	6.244111131
312	0.05643056321	6.241870626
313	0.05643032075	6.235050657
314	0.05642758976	6.229087055
315	0.05642792028	6.228198328
316	0.05641893535	6.220124067
317	0.05641696692	6.213577293
318	0.05641374166	6.206789665
319	0.05641794305	6.200212543
320	0.05642393869	6.193739878
321	0.05641981575	6.187159698
322	0.05640965325	6.180231205
323	0.05641118278	6.1783239
324	0.0564040189	6.176339575
325	0.05640551746	6.174365358
326	0.05640758243	6.172524056
327	0.05640576951	6.170737821
328	0.05640240471	6.169147717
329	0.05640100666	6.162671561
330	0.05641004952	6.158032716
331	0.0564096077	6.151539543
332	0.05640895598	6.149937108
333	0.05641054605	6.143711835
334	0.05640924183	6.136815246
335	0.05640810455	6.135153867
336	0.05640672571	6.130642233
337	0.05640205552	6.128994484
338	0.0564034298	6.122767525
339	0.05640054609	6.117115386
340	0.05639843569	6.110299524
341	0.05639793841	6.108571142
342	0.05639750539	6.10285198
343	0.05635382728	6.097521717
344	0.05634290764	6.096562922
345	0.05634331444	6.09508426
346	0.05634867991	6.088907749
347	0.05634634822	6.082980913
348	0.05634689875	6.077465974
349	0.0563407625	6.07516773
350	0.05631322368	6.06985125
351	0.05630508601	6.06343038
352	0.05630440525	6.061875485
353	0.05630220378	6.061357073
354	0.05630138235	6.056500303
355	0.05630020565	6.050805095
356	0.05629836484	6.049187735
357	0.0562977505	6.043471657
358	0.05629733671	6.037942116
359	0.05629546561	6.0332638
360	0.05630417072	6.027150636
361	0.05630221714	6.021734227
362	0.05629846261	6.020080135
363	0.05629702686	6.014731872
364	0.0562934732	6.00947461
365	0.05628828179	6.004319372
366	0.05628637134	5.999050828
367	0.05628361145	5.994624825
368	0.05628456707	5.990319761
369	0.05627919317	5.988722551
370	0.05627419582	5.983148311
371	0.05627448837	5.981629068
372	0.05627202626	5.980122835
373	0.05627127071	5.975014931
374	0.05627174958	5.973045362
375	0.05627859852	5.971666169
376	0.0562767409	5.967282904
377	0.05627531057	5.963756459
378	0.05627623521	5.961543847
379	0.0562782942	5.956020422
380	0.05627761491	5.954620898
381	0.05626320766	5.949551373
382	0.05626365883	5.944655763
383	0.05626182025	5.940686878
384	0.05626001357	5.935573335
385	0.05626042794	5.934050807
386	0.05625911055	5.92933006
387	0.05626279957	5.924661207
388	0.05626165279	5.923286464
389	0.05626331591	5.922579309
390	0.05625481009	5.917293296
391	0.05624953085	5.915934235
392	0.05624563665	5.914551224
393	0.05624515207	5.913727947
394	0.05624457573	5.908779071
395	0.05623999704	5.90397412
396	0.05624032997	5.902686746
397	0.05623485156	5.901397242
398	0.05620811265	5.89990519
399	0.05620444885	5.894633455
400	0.05619915442	5.893135721
401	0.05619528391	5.88896994
402	0.05619307149	5.884259491
403	0.05618399312	5.879210042
404	0.05617784797	5.874358181
405	0.05618598325	5.869005064
406	0.05618529618	5.865887408
407	0.05618451562	5.860671491
408	0.05618334226	5.857971358
409	0.05618339552	5.856482639
410	0.05618119446	5.855213419
411	0.05617466643	5.850515081
412	0.0561570465	5.846095299
413	0.05615291365	5.844870874
414	0.05615739887	5.843610779
415	0.05615624284	5.839884059
416	0.05615307948	5.836067212
417	0.05615307117	5.831934895
418	0.05615261478	5.828182554
419	0.05615306067	5.823596208
420	0.05615462401	5.820532458
421	0.05615545938	5.819859687
422	0.05614936702	5.815458457
423	0.0561234875	5.814601614
424	0.05613002247	5.81405377
425	0.0561294472	5.813255606
426	0.05612447423	5.807898605
427	0.05612184779	5.806768418
428	0.05612155743	5.805602659
429	0.05612140371	5.801067561
430	0.05611873229	5.797586883
431	0.05611978706	5.796785917
432	0.05611218412	5.791998946
433	0.05611121429	5.788303667
434	0.0561109135	5.784134425
435	0.0561090433	5.779669461
436	0.05611039906	5.779078536
437	0.05610717102	5.777904988
438	0.05610718984	5.776694779
439	0.05609256137	5.772230589
440	0.05609449199	5.76948
441	0.05609539143	5.764906405
442	0.05609209997	5.760804652
443	0.05609227372	5.75968076
444	0.05609236371	5.758402961
445	0.05609222544	5.754379983
446	0.05608461888	5.749883285
447	0.05607326062	5.748660069
448	0.05607186959	5.747540832
449	0.05607206823	5.744108146
450	0.05606938438	5.743020257
451	0.05606917618	5.741909733
452	0.05605664566	5.736335844
453	0.05605730969	5.732345541
454	0.05605840443	5.729420105
455	0.05605532459	5.726534043
456	0.05605660635	5.725524729
457	0.0560566078	5.723397425
458	0.05605647171	5.719264448
459	0.05605534014	5.718170684
460	0.05605529538	5.714851215
461	0.05604917002	5.711525612
462	0.05603319959	5.707071017
463	0.05603303548	5.705108782
464	0.05602921707	5.702884569
465	0.05602864063	5.698999787
466	0.05602832805	5.695249837
467	0.05602525869	5.691415679
468	0.05602749029	5.69075453
469	0.05602813482	5.687659942
470	0.05602786107	5.683500991
471	0.05602775433	5.682607407
472	0.05602773308	5.678623686
473	0.05603280786	5.675648268
474	0.05603224748	5.671687977
475	0.0560359574	5.66881481
476	0.05603559386	5.667581729
477	0.05603585212	5.66622201
478	0.05603153925	5.662336178
479	0.05602139213	5.658440331
480	0.0560213774	5.655622027
481	0.05602122224	5.653284552
482	0.05602096891	5.649844933
483	0.05601022179	5.648494346
484	0.05600929121	5.645011999
485	0.05600824691	5.64170483
486	0.0560066342	5.64111893
487	0.05600653266	5.637608199
488	0.05600497485	5.634056566
489	0.05600437493	5.630331794
490	0.05600295696	5.627087203
491	0.05600375431	5.6237408
492	0.05600476623	5.619955762
493	0.05600444104	5.616781823
494	0.05600548707	5.613704169
495	0.05600594063	5.610578459
496	0.05600399649	5.609404591
497	0.05600351517	5.60561059
498	0.05599158387	5.602097692
499	0.05598956488	5.600886667
500	0.05598299982	5.599763012
501	0.05595974361	5.598388826
502	0.05595696053	5.594987818
503	0.05595499165	5.591495572
504	0.05595182269	5.590177856
505	0.05594449312	5.586390998
506	0.05594501769	5.585231663
507	0.05595058836	5.581809558
508	0.05595146911	5.578900668
509	0.05594429352	5.577531112
510	0.05593964791	5.574653637
511	0.05594089595	5.573582452
512	0.05594298942	5.572843734
513	0.05593442922	5.569655161
514	0.05593295834	5.566525169
515	0.05593272358	5.565463533
516	0.05592745642	5.564851077
517	0.05592648274	5.561543007
518	0.0559274894	5.560487851
519	0.05592699319	5.557944071
520	0.05592653642	5.557023624
521	0.0559231898	5.554522682
522	0.05592062952	5.553906748
523	0.05592101977	5.552927025
524	0.0559174266	5.551953351
525	0.05591739398	5.548882148
526	0.05591679362	5.547433351
527	0.05591635158	5.546547882
528	0.05592926188	5.544331676
529	0.05592639959	5.541217147
530	0.05592318861	5.537811277
531	0.05592324117	5.536890898
532	0.05592066453	5.533647983
533	0.05592025822	5.530433266
534	0.05592134011	5.529504586
535	0.05592135075	5.526521785
536	0.0559257023	5.524063818
537	0.05592293788	5.523044939
538	0.05592089157	5.519996456
539	0.05591526623	5.519081084
540	0.0559106349	5.516615973
541	0.05591203473	5.51569432
542	0.05590984656	5.514895446
543	0.05591119845	5.514314083
544	0.0559120808	5.511085774
545	0.05588702854	5.510014912
546	0.05588384974	5.508853654
547	0.05588368888	5.505694223
548	0.05588395582	5.502582174
549	0.05588394728	5.499549783
550	0.05587258196	5.498715862
551	0.05587228746	5.496337296
552	0.05587251848	5.495473602
553	0.05587463602	5.493105774
554	0.05587331107	5.490627347
555	0.05587535664	5.488388336
556	0.05587280708	5.487423489
557	0.05587908138	5.485248106
558	0.0558781966	5.482903565
559	0.05588259304	5.482033277
560	0.05588218715	5.481165413
561	0.05588175128	5.480312695
562	0.05588233661	5.479513351
563	0.05588415302	5.479141069
564	0.05588282305	5.476302797
565	0.05588131513	5.475443943
566	0.05587572826	5.474652122
567	0.05587466906	5.47169796
568	0.05587362822	5.470906799
569	0.05587534291	5.470097642
570	0.05587535616	5.467083196
571	0.05587743675	5.464949988
572	0.05587512615	5.464119071
573	0.05587329663	5.461160463
574	0.05587394487	5.460438057
575	0.0558722124	5.457567384
576	0.05587182623	5.454600826
577	0.05586666532	5.451659723
578	0.05586684852	5.44884789
579	0.05586027581	5.445672017
580	0.05585999562	5.445199486
581	0.05585900993	5.44233881
582	0.05585910317	5.44172467
583	0.05585782321	5.441144585
584	0.05585697869	5.439341833
585	0.05585685558	5.436777279
586	0.0558560695	5.435980357
587	0.05585602699	5.433334076
588	0.05585625039	5.430563052
589	0.05585664436	5.429800633
590	0.05585476416	5.429008853
591	0.05585343506	5.428610815
592	0.05585541002	5.426020779
593	0.05587079885	5.423187796
594	0.05587046251	5.421340634
595	0.05586865251	5.420182788
596	0.05586535063	5.417606511
597	0.05587160228	5.416801949
598	0.05587068224	5.415904701
599	0.05586887739	5.415194253
600	0.05586859005	5.41265824
601	0.05587066931	5.40999665
602	0.05586929072	5.408905119
603	0.05587082233	5.406670919
604	0.05587104378	5.404011409
605	0.05587054205	5.401677787
606	0.05586968119	5.39904024
607	0.05587008305	5.396631211
608	0.05586864988	5.394446466
609	0.05586941076	5.393713805
610	0.05586619504	5.391332386
611	0.05586148825	5.390508577
612	0.05586192851	5.388140198
613	0.05586035929	5.387326708
614	0.05585994847	5.385494094
615	0.05585325715	5.384636947
616	0.05584966058	5.381954122
617	0.05585098818	5.379494077
618	0.05584726786	5.376984103
619	0.05584708432	5.376181941
620	0.05584677085	5.37385752
621	0.0558464206	5.373164066
622	0.05584599228	5.370705283
623	0.05584533406	5.369965201
624	0.05584534443	5.369254396
625	0.05584455258	5.367389073
626	0.05584363792	5.365429932
627	0.05584363544	5.364722377
628	0.05584414876	5.362523426
629	0.05583562551	5.360564099
630	0.05583535609	5.359817356
631	0.05583004161	5.35755982
632	0.05583000033	5.355847191
633	0.05582978864	5.355115874
634	0.05583071948	5.354644977
635	0.05582901652	5.35392719
636	0.05582907037	5.353634623
637	0.05582567509	5.351875811
638	0.0558092059	5.351648824
639	0.05580825819	5.350895993
640	0.05580818576	5.350505555
641	0.05580804273	5.349885167
642	0.05580295745	5.348739976
643	0.05580287531	5.346364591
644	0.0558036899	5.345447366
645	0.05580220105	5.343168683
646	0.05580427823	5.342829692
647	0.05580256691	5.342404468
648	0.05580133185	5.341764194
649	0.05579878919	5.339563287
650	0.05579956307	5.337354329
651	0.05579974027	5.336715842
652	0.05579935641	5.335069834
653	0.05579677426	5.334782189
654	0.05579646742	5.334107093
655	0.05579693749	5.331949731
656	0.0557977629	5.331341229
657	0.05579452828	5.328943105
658	0.0557923839	5.327346974
659	0.05579552034	5.325106783
660	0.05579291716	5.323650039
661	0.05579269942	5.322623105
662	0.05578964714	5.321992924
663	0.05578698567	5.321087795
664	0.05578541329	5.319710241
665	0.05578413372	5.319086178
666	0.05578400152	5.317277828
667	0.05578338805	5.315165784
668	0.05576745491	5.312720734
669	0.0557655323	5.311794723
670	0.05576506496	5.311178245
671	0.05575646703	5.30919424
672	0.05576220919	5.307750934
673	0.05575374053	5.305863418
674	0.05575385326	5.305551333
675	0.05575312377	5.304995585
676	0.05575352563	5.302747567
677	0.05575108036	5.302351741
678	0.05575220191	5.300398169
679	0.05575156295	5.299798789
680	0.05575213114	5.29851162
681	0.0557516032	5.298217336
682	0.05575079271	5.296921399
683	0.05574803712	5.294975609
684	0.05574774523	5.293023466
685	0.05574829038	5.292164981
686	0.05573765243	5.291805141
687	0.05573611292	5.291115502
688	0.0557361559	5.290814709
689	0.05573500698	5.288882771
690	0.0557335183	5.287960638
691	0.05573245499	5.287331806
692	0.05573065227	5.285392049
693	0.05573036152	5.284931879
694	0.05572821432	5.284378587
695	0.055728621	5.28380085
696	0.05570742735	5.283366658
697	0.05570510574	5.282738225
698	0.05570526772	5.2820778
699	0.05570453462	5.279992988
700	0.05570583241	5.279154654
701	0.05570500612	5.27821833
702	0.05570461138	5.27804696
703	0.05570438559	5.276591694
704	0.05570499304	5.274483458
705	0.05570277699	5.273889028
706	0.05569947985	5.271813314
707	0.05569987403	5.270008245
708	0.05569970475	5.269701514
709	0.05569978903	5.267861607
710	0.05569864665	5.267341841
711	0.05569680073	5.266763681
712	0.05569687431	5.266175273
713	0.05569495055	5.265887344
714	0.05569580524	5.265318331
715	0.05569638815	5.263509259
716	0.05569563743	5.262905413
717	0.05569266666	5.262314467
718	0.05568925608	5.260434611
719	0.05568855816	5.259935601
720	0.05568829472	5.258747461
721	0.05569028625	5.256924974
722	0.0556861019	5.256172927
723	0.05568530399	5.254318103
724	0.0556832762	5.253756294
725	0.05568088718	5.251777234
726	0.05568306378	5.250454755
727	0.05568458591	5.24931077
728	0.05568426567	5.247450603
729	0.05568549934	5.246617899
730	0.05568648551	5.246322371
731	0.05568484526	5.245803503
732	0.05568271239	5.243930037
733	0.05568462662	5.243376489
734	0.0556841898	5.242764964
735	0.05568335405	5.241266755
736	0.05567670187	5.240782011
737	0.05567671892	5.240453079
738	0.05567482695	5.238587644
739	0.05567108696	5.238234551
740	0.05566577799	5.237596382
741	0.05567110968	5.236305582
742	0.05567051456	5.234462524
743	0.05566801383	5.234001652
744	0.05566788799	5.233518411
745	0.05566678962	5.231833162
746	0.05566907945	5.231537258
747	0.05566922825	5.229881009
748	0.05567455266	5.228152214
749	0.05567478686	5.227860362
750	0.05566689595	5.225976937
751	0.05566215202	5.225601515
752	0.05565919874	5.223919332
753	0.05566216299	5.222150886
754	0.05565864788	5.221871897
755	0.05565761817	5.221377504
756	0.05565951925	5.219914112
757	0.05566074024	5.21815162
758	0.05565738301	5.217572516
759	0.05566176043	5.215998358
760	0.05566024246	5.215142014
761	0.05565999753	5.214626347
762	0.05565790998	5.214106842
763	0.05565711272	5.213606934
764	0.05565880494	5.212418096
765	0.05565833502	5.210934905
766	0.05565750228	5.210404163
767	0.05565946944	5.209198889
768	0.05565932122	5.207596356
769	0.05565925592	5.20714064
770	0.05566064111	5.205528238
771	0.0556527308	5.204445541
772	0.05564952345	5.203642095
773	0.05565056906	5.203348197
774	0.05565485758	5.202113888
775	0.0556535281	5.200601806
776	0.0556512261	5.198999635
777	0.05565038583	5.197903692
778	0.05564987669	5.196869958
779	0.05565121669	5.196412802
780	0.05565138195	5.194911033
781	0.0556505487	5.194468842
782	0.05565257462	5.1942235
783	0.05565124541	5.192498513
784	0.05565108347	5.19078949
785	0.05564815167	5.189830222
786	0.05564821236	5.189300072
787	0.05564703513	5.188853083
788	0.05564381307	5.188244417
789	0.0556444753	5.187819146
790	0.05564544598	5.186053838
791	0.05564748395	5.185119219
792	0.05564825826	5.184455436
793	0.055645652	5.183165254
794	0.05564547883	5.182855632
795	0.05564505474	5.182420801
796	0.05564374393	5.18198406
797	0.05564279308	5.18056125
798	0.05564282465	5.180161629
799	0.0556420691	5.178535405
800	0.05564309583	5.177337279
801	0.05564746103	5.175771952
802	0.05564912129	5.175503596
803	0.05564605565	5.174141466
804	0.05563984233	5.172802442
805	0.0556427937	5.171298661
806	0.05564109839	5.170823233
807	0.05564252658	5.169321977
808	0.05564200214	5.168273182
809	0.05564205114	5.168009436
810	0.05563913346	5.167367612
811	0.05564083768	5.167187337
812	0.05564091122	5.166795484
813	0.05564099229	5.166518776
814	0.05564163308	5.166322955
815	0.05564168955	5.165350627
816	0.05564165791	5.163950911
817	0.05564103416	5.163567502
818	0.05564121602	5.163515072
819	0.05563883991	5.162084409
820	0.05563967366	5.161922091
821	0.05563920873	5.161487869
822	0.05563948208	5.161328536
823	0.05563721771	5.160792387
824	0.05563682975	5.159347017
825	0.05563658594	5.15805374
826	0.05563698782	5.156603661
827	0.05563358968	5.155632345
828	0.0556331661	5.154591269
829	0.0556312631	5.154097615
830	0.05562964642	5.153623221
831	0.05562943255	5.153372103
832	0.05562955928	5.15192872
833	0.05562554822	5.150477181
834	0.05562484378	5.149116917
835	0.05562509007	5.148931803
836	0.05562390261	5.148486179
837	0.05562246056	5.147381118
838	0.0556235185	5.14720691
839	0.05562515298	5.145814975
840	0.05562382685	5.145481827
841	0.05562348861	5.145321686
842	0.05562458855	5.14491598
843	0.05562434862	5.14364536
844	0.05562517692	5.142428195
845	0.05562564573	5.141084953
846	0.05562553809	5.14047637
847	0.05562295352	5.14007497
848	0.0556248356	5.139678229
849	0.05562513585	5.139327366
850	0.05562425321	5.139096584
851	0.05562454171	5.138147989
852	0.05562412607	5.136845965
853	0.05562320967	5.135637044
854	0.05562414819	5.135010975
855	0.05562360912	5.133811721
856	0.05562434153	5.133073022
857	0.05561620811	5.131879839
858	0.05561540276	5.130753159
859	0.05561568504	5.130388652
860	0.05561330244	5.130045136
861	0.05561475971	5.129908349
862	0.05561475528	5.128550311
863	0.0556155099	5.128164331
864	0.05561412819	5.127765494
865	0.05561385376	5.126476763
866	0.0556127013	5.126091079
867	0.05560966298	5.124836456
868	0.05560737046	5.124429288
869	0.0556061389	5.123227594
870	0.05560318567	5.122362524
871	0.05559570551	5.121085619
872	0.05559532731	5.120618685
873	0.05559726755	5.12023371
874	0.05559699808	5.119823927
875	0.05559784518	5.119215829
876	0.05559745095	5.118915376
877	0.05559667684	5.117751819
878	0.05559694139	5.117383988
879	0.05559636778	5.116207174
880	0.05559767311	5.115485866
881	0.05559699617	5.114304007
882	0.05559640486	5.113932637
883	0.05559548728	5.113822216
884	0.05559270639	5.113650064
885	0.05559354372	5.113264847
886	0.05559572276	5.113209212
887	0.05559527185	5.112955551
888	0.05559130973	5.111848581
889	0.05558910015	5.111484051
890	0.0555911601	5.110716107
891	0.05559233936	5.110513238
892	0.05558259146	5.11032044
893	0.05558259349	5.109244618
894	0.05558271187	5.108536983
895	0.05558347212	5.107400871
896	0.05558296459	5.107115339
897	0.05558118399	5.106873205
898	0.05557883895	5.106446216
899	0.05557589124	5.106071452
900	0.05557470998	5.105301059
901	0.05557160484	5.105190576
902	0.05557085094	5.104911444
903	0.05556530169	5.103841911
904	0.05556599538	5.102711255
905	0.05556561392	5.102384456
906	0.05556602171	5.1011885
907	0.05556614567	5.100351619
908	0.05556562218	5.099223798
909	0.05556460919	5.098889474
910	0.05556684967	5.098705881
911	0.05556714993	5.098279942
912	0.05556669581	5.098022587
913	0.05556725427	5.09736632
914	0.05556548787	5.096836089
915	0.05556573437	5.096171924
916	0.05556662526	5.094981935
917	0.05556704645	5.094636072
918	0.05556669842	5.094493755
919	0.055566812	5.094063347
920	0.055569701	5.093916953
921	0.05556985042	5.093611773
922	0.05557183553	5.093269976
923	0.05556411035	5.09258324
924	0.0555632702	5.092017803
925	0.05556275363	5.090979414
926	0.05556187553	5.089960732
927	0.05556227381	5.089802852
928	0.05556245835	5.089606394
929	0.05556312332	5.089277692
930	0.05556411392	5.088918978
931	0.05556301161	5.088716476
932	0.05556324476	5.087798979
933	0.05556290499	5.08755056
934	0.05556211145	5.086872792
935	0.05556141592	5.086550999
936	0.05554501684	5.086185677
937	0.05554487885	5.08516275
938	0.05554434477	5.084522593
939	0.05554465286	5.084320611
940	0.05554364244	5.083951996
941	0.05554354383	5.083673854
942	0.05554291667	5.083142268
943	0.05553250582	5.082758216
944	0.05553231245	5.082605525
945	0.05553283716	5.081540099
946	0.05553254842	5.080457112
947	0.05553141367	5.079458858
948	0.05553180791	5.078959967
949	0.05553246777	5.077879707
950	0.05553324628	5.077604805
951	0.05553226603	5.07702574
952	0.05553194761	5.076690916
953	0.055531715	5.076378486
954	0.05552855719	5.076148713
955	0.05552871036	5.075714177
956	0.05552913177	5.074704308
957	0.05552943303	5.073863889
958	0.05553001968	5.073783945
959	0.05552783467	5.073563966
960	0.05552677262	5.073423065
961	0.05552625824	5.073053006
962	0.05552656994	5.072400108
963	0.05552679556	5.071732131
964	0.05552376285	5.071656331
965	0.05552114256	5.071482853
966	0.0555235323	5.071337768
967	0.05552300852	5.071092997
968	0.05553210531	5.070739996
969	0.05552887077	5.070575077
970	0.05553121399	5.069851769
971	0.05553069624	5.069593052
972	0.05553075233	5.069499002
973	0.05553082292	5.069242223
974	0.05552940698	5.068322858
975	0.05552980629	5.068018114
976	0.05552814416	5.067773557
977	0.05552704571	5.067161945
978	0.05552589881	5.066843543
979	0.05552670811	5.066458272
980	0.05552646524	5.065648837
981	0.05553239891	5.065403452
982	0.05553250659	5.065151533
983	0.05551783342	5.064286681
984	0.05551532443	5.063992969
985	0.0555125578	5.06311744
986	0.05551282416	5.062905904
987	0.0555190825	5.061972369
988	0.05551849047	5.061743846
989	0.05551819477	5.061424999
990	0.05551655125	5.061340434
991	0.05551748687	5.0604055
992	0.05551252475	5.059873724
993	0.05551120133	5.059361485
994	0.05550846858	5.058959613
995	0.05550823482	5.058768837
996	0.05550868219	5.058006661
997	0.05550592334	5.057033606
998	0.05550453375	5.056124612
999	0.05550501844	5.055526156
